<?xml version="1.0" encoding="UTF-8"?><vBIU xmlns:bfa="urn:com.sap.b1i.bizprocessor:bizatoms" xmlns:xsi="http://www.w3.org/2001/XMLSchema-instance" xmlns="urn:com.sap.b1i.vplatform:entity" xsi:schemaLocation="urn:com.sap.b1i.vplatform:entity ../../com.sap.b1i.vplatform.repository/xsd/vPlatform.xsd" Id="IVZ.BCURates" version="1.0.0" proc="" SId="IVZ.Cotizaciones" internal="false" parallel="true" mlogexcl="false" b1isncompmode="false" b1autocommit="false" bi1fver="1.22.13"><Inbound><Channel Id="INB_AY_TIMR_ASYN_BIU"><type>Void</type><mode>Asynchronous</mode><trigger>Timer</trigger><obj>IVZ.BCURates</obj><ident>Void</ident><idpar>n.a.</idpar><idns>xmlns:cot=&quot;Cotiza&quot;</idns><Scheduler min="10" hour="0" day="*" month="*" dow="*" year="*"></Scheduler></Channel></Inbound><Outbound><Channel Id="VOID"><type>Void</type><format>void</format></Channel><Successor Id="" Mode=""></Successor><ErrResend>Resend from outbound phase</ErrResend></Outbound></vBIU>